SampleID,Run,Batch,SuperBatch,CNVControl
N2011061_1_S143,ISG1_10182023_074833,3,2,FALSE
N2011104_5_S144,ISG1_10182023_074833,3,2,FALSE
N2011151_9_S37,ISG1_10182023_074833,2,2,FALSE
N2012028_3_S15,ISG1_10182023_074833,2,2,FALSE
N2011607_1_S168,ISG1_10182023_074833,3,2,FALSE
N2011719_1_S72,ISG1_10182023_074833,2,2,FALSE
N2011632_3_S228,ISG1_10182023_074833,4,2,FALSE
NDS2_DC2_10k_S237,ISG1_10182023_074833,4,2,FALSE
N2011664_4_S201,ISG1_10182023_074833,4,2,FALSE
NKEAA00715_S180,ISG1_10182023_074833,3,2,FALSE
N1948982_7_S221,ISG1_10182023_074833,4,2,FALSE
N2011092_5_S9,ISG1_10182023_074833,2,2,FALSE
N2011011_6_S136,ISG1_10182023_074833,3,2,FALSE
N2011622_4_S110,ISG1_10182023_074833,3,2,FALSE
N2011529_6_S158,ISG1_10182023_074833,3,2,FALSE
N2011518_S167,ISG1_10182023_074833,3,2,FALSE
N2011640_8_S206,ISG1_10182023_074833,4,2,FALSE
N2011642_2_S74,ISG1_10182023_074833,2,2,FALSE
N2011661_3_S73,ISG1_10182023_074833,2,2,FALSE
N2011023_9_S35,ISG1_10182023_074833,2,2,FALSE
N2011084_S212,ISG1_10182023_074833,4,2,FALSE
N2011986_7_S54,ISG1_10182023_074833,2,2,FALSE
N2011720_7_S76,ISG1_10182023_074833,2,2,FALSE
N2011040_6_S14,ISG1_10182023_074833,2,2,FALSE
N3D710kc_S248,ISG1_10182023_074833,4,2,TRUE
N2011584_5_S205,ISG1_10182023_074833,4,2,FALSE
N2011328_5_S85,ISG1_10182023_074833,2,2,FALSE
N2011503_6_S64,ISG1_10182023_074833,2,2,FALSE
N2011908_9_S215,ISG1_10182023_074833,4,2,FALSE
N2011585_2_S229,ISG1_10182023_074833,4,2,FALSE
N2011981_2_S52,ISG1_10182023_074833,2,2,FALSE
N2011993_5_S138,ISG1_10182023_074833,3,2,FALSE
N2011625_5_S69,ISG1_10182023_074833,2,2,FALSE
N3D710kb_S152,ISG1_10182023_074833,3,2,TRUE
N2011395_7_S32,ISG1_10182023_074833,2,2,FALSE
N1875457_5_S195,ISG1_10182023_074833,4,2,FALSE
N2011423_7_S33,ISG1_10182023_074833,2,2,FALSE
N2011570_8_S98,ISG1_10182023_074833,3,2,FALSE
N2011559_3_S62,ISG1_10182023_074833,2,2,FALSE
N2011698_9_S78,ISG1_10182023_074833,2,2,FALSE
N2011623_1_S112,ISG1_10182023_074833,3,2,FALSE
N1948895_0_S273,ISG1_10182023_074833,1,1,FALSE
N2011670_5_S133,ISG1_10182023_074833,3,2,FALSE
N2011982_9_S49,ISG1_10182023_074833,2,2,FALSE
N2011586_9_S226,ISG1_10182023_074833,4,2,FALSE
N2011041_3_S3,ISG1_10182023_074833,2,2,FALSE
N2011643_9_S79,ISG1_10182023_074833,2,2,FALSE
N2011916_4_S140,ISG1_10182023_074833,3,2,FALSE
N2011090_1_S41,ISG1_10182023_074833,2,2,FALSE
N1873662_5_S171,ISG1_10182023_074833,3,2,FALSE
N1948907_S18,ISG1_10182023_074833,2,2,FALSE
N2011207_3_S31,ISG1_10182023_074833,2,2,FALSE
N2011163_2_S89,ISG1_10182023_074833,2,2,FALSE
N2011266_S102,ISG1_10182023_074833,3,2,FALSE
N2011479_4_S127,ISG1_10182023_074833,3,2,FALSE
N2011983_6_S51,ISG1_10182023_074833,2,2,FALSE
NKEAA00263_S261,ISG1_10182023_074833,4,2,FALSE
N1817134_1_S269,ISG1_10182023_074833,1,1,FALSE
N2012171_6_S24,ISG1_10182023_074833,2,2,FALSE
N2011906_5_S149,ISG1_10182023_074833,3,2,FALSE
N2011077_2_S213,ISG1_10182023_074833,4,2,FALSE
N1950628_9_S176,ISG1_10182023_074833,3,2,FALSE
N2011124_3_S154,ISG1_10182023_074833,3,2,FALSE
N2011109_S235,ISG1_10182023_074833,4,2,FALSE
N2011003_1_S91,ISG1_10182023_074833,2,2,FALSE
N2011198_4_S83,ISG1_10182023_074833,2,2,FALSE
N2012047_4_S19,ISG1_10182023_074833,2,2,FALSE
N2011629_3_S208,ISG1_10182023_074833,4,2,FALSE
N2011463_3_S207,ISG1_10182023_074833,4,2,FALSE
NKEAA00104_S257,ISG1_10182023_074833,4,2,FALSE
NKEAA00845_S188,ISG1_10182023_074833,3,2,FALSE
N2011560_9_S57,ISG1_10182023_074833,2,2,FALSE
N2011684_2_S108,ISG1_10182023_074833,3,2,FALSE
N2011699_6_S1,ISG1_10182023_074833,2,2,FALSE
N2011969_S20,ISG1_10182023_074833,2,2,FALSE
NKEAA00596_S179,ISG1_10182023_074833,3,2,FALSE
NKEAA00752_S183,ISG1_10182023_074833,3,2,FALSE
N2011264_6_S128,ISG1_10182023_074833,3,2,FALSE
N2011487_9_S120,ISG1_10182023_074833,3,2,FALSE
N2011117_5_S135,ISG1_10182023_074833,3,2,FALSE
N2011907_2_S147,ISG1_10182023_074833,3,2,FALSE
N2011700_9_S80,ISG1_10182023_074833,2,2,FALSE
N2011732_S2,ISG1_10182023_074833,2,2,FALSE
NKEAA00791_S185,ISG1_10182023_074833,3,2,FALSE
NMZAA00839_S268,ISG1_10182023_074833,4,2,FALSE
N2011272_1_S82,ISG1_10182023_074833,2,2,FALSE
N2011481_7_S63,ISG1_10182023_074833,2,2,FALSE
N2012074_S225,ISG1_10182023_074833,4,2,FALSE
N2011714_6_S77,ISG1_10182023_074833,2,2,FALSE
N2011921_8_S88,ISG1_10182023_074833,2,2,FALSE
N1873660_1_S193,ISG1_10182023_074833,4,2,FALSE
N2011579_1_S156,ISG1_10182023_074833,3,2,FALSE
NKEAA00878_S267,ISG1_10182023_074833,4,2,FALSE
N2011977_5_S46,ISG1_10182023_074833,2,2,FALSE
NKEAA00152_S258,ISG1_10182023_074833,4,2,FALSE
N2011466_4_S66,ISG1_10182023_074833,2,2,FALSE
NKEAA00759_S184,ISG1_10182023_074833,3,2,FALSE
NKEAA00721_S266,ISG1_10182023_074833,4,2,FALSE
NKEAA00734_S181,ISG1_10182023_074833,3,2,FALSE
NMZAA00387_S252,ISG1_10182023_074833,4,2,FALSE
N2011441_1_S65,ISG1_10182023_074833,2,2,FALSE
N2011052_9_S155,ISG1_10182023_074833,3,2,FALSE
N1873650_2_S197,ISG1_10182023_074833,4,2,FALSE
N2011273_8_S92,ISG1_10182023_074833,2,2,FALSE
N2012081_8_S223,ISG1_10182023_074833,4,2,FALSE
NKEAA00876_S190,ISG1_10182023_074833,3,2,FALSE
NMZAA00007_S192,ISG1_10182023_074833,3,2,FALSE
NKEAA00518_S264,ISG1_10182023_074833,4,2,FALSE
N2011797_9_S60,ISG1_10182023_074833,2,2,FALSE
N2011992_8_S23,ISG1_10182023_074833,2,2,FALSE
NMZAA00060_S251,ISG1_10182023_074833,4,2,FALSE
N2011099_4_S209,ISG1_10182023_074833,4,2,FALSE
N2011334_6_S95,ISG1_10182023_074833,2,2,FALSE
N2011922_5_S121,ISG1_10182023_074833,3,2,FALSE
N2011942_3_S137,ISG1_10182023_074833,3,2,FALSE
NKEAA00855_S189,ISG1_10182023_074833,3,2,FALSE
NKEAA00182_S259,ISG1_10182023_074833,4,2,FALSE
NKEAA00544_S265,ISG1_10182023_074833,4,2,FALSE
NKEAA00823_S186,ISG1_10182023_074833,3,2,FALSE
N2011701_6_S70,ISG1_10182023_074833,2,2,FALSE
N2011902_7_S87,ISG1_10182023_074833,2,2,FALSE
N2011976_8_S48,ISG1_10182023_074833,2,2,FALSE
N2011436_7_S126,ISG1_10182023_074833,3,2,FALSE
N2011167_S93,ISG1_10182023_074833,2,2,FALSE
N2011968_3_S219,ISG1_10182023_074833,4,2,FALSE
NKEAA00349_S262,ISG1_10182023_074833,4,2,FALSE
N2011671_2_S107,ISG1_10182023_074833,3,2,FALSE
N2012078_8_S222,ISG1_10182023_074833,4,2,FALSE
N2011894_5_S116,ISG1_10182023_074833,3,2,FALSE
N2011975_1_S47,ISG1_10182023_074833,2,2,FALSE
NKEAA00746_S182,ISG1_10182023_074833,3,2,FALSE
N2011985_S50,ISG1_10182023_074833,2,2,FALSE
N2012131_S217,ISG1_10182023_074833,4,2,FALSE
N1950631_9_S173,ISG1_10182023_074833,3,2,FALSE
N1873659_5_S175,ISG1_10182023_074833,3,2,FALSE
NKEAA00219_S260,ISG1_10182023_074833,4,2,FALSE
NKEAA00465_S263,ISG1_10182023_074833,4,2,FALSE
N2011694_1_S81,ISG1_10182023_074833,2,2,FALSE
N3D7100Kb_S103,ISG1_10182023_074833,3,2,TRUE
NQS1_-_QC2_10k_S249,ISG1_10182023_074833,4,2,FALSE
N2012067_2_S224,ISG1_10182023_074833,4,2,FALSE
N2011043_7_S210,ISG1_10182023_074833,4,2,FALSE
NDS2_DC4_10k_S239,ISG1_10182023_074833,4,2,FALSE
NKEAA00835_S187,ISG1_10182023_074833,3,2,FALSE
N3D7100Ka_S7,ISG1_10182023_074833,2,2,TRUE
N1923078_8_S271,ISG1_10182023_074833,1,1,FALSE
N2012144_S71,ISG1_10182023_074833,2,2,FALSE
N2011445_9_S129,ISG1_10182023_074833,3,2,FALSE
NMZAA00006_S191,ISG1_10182023_074833,3,2,FALSE
N2012134_1_S106,ISG1_10182023_074833,3,2,FALSE
N2012077_1_S17,ISG1_10182023_074833,2,2,FALSE
N1873644_1_S196,ISG1_10182023_074833,4,2,FALSE
NMZAA00413_S253,ISG1_10182023_074833,4,2,FALSE
N1873637_3_S177,ISG1_10182023_074833,3,2,FALSE
N2011537_1_S204,ISG1_10182023_074833,4,2,FALSE
N2011565_4_S203,ISG1_10182023_074833,4,2,FALSE
N2011130_4_S44,ISG1_10182023_074833,2,2,FALSE
NMZAA00774_S254,ISG1_10182023_074833,4,2,FALSE
N2012080_1_S218,ISG1_10182023_074833,4,2,FALSE
NKEAA00029_S256,ISG1_10182023_074833,4,2,FALSE
N2011899_S119,ISG1_10182023_074833,3,2,FALSE
N2011660_6_S202,ISG1_10182023_074833,4,2,FALSE
N2011499_2_S125,ISG1_10182023_074833,3,2,FALSE
NKEAA00450_S178,ISG1_10182023_074833,3,2,FALSE
NMZAA00799_S255,ISG1_10182023_074833,4,2,FALSE
N3D7100Kc_S199,ISG1_10182023_074833,4,2,TRUE
NDS2_DC10_10k_S245,ISG1_10182023_074833,4,2,FALSE
N2011562_3_S231,ISG1_10182023_074833,4,2,FALSE
NDS2_DC9_10k_S244,ISG1_10182023_074833,4,2,FALSE
NDS2_DC3_10k_S238,ISG1_10182023_074833,4,2,FALSE
N2011483_1_S130,ISG1_10182023_074833,3,2,FALSE
NDS2_DC5_10k_S240,ISG1_10182023_074833,4,2,FALSE
NDS2_DC8_10k_S243,ISG1_10182023_074833,4,2,FALSE
N2011110_6_S118,ISG1_10182023_074833,3,2,FALSE
N2011338_4_S122,ISG1_10182023_074833,3,2,FALSE
NDS2_DC11_10k_S246,ISG1_10182023_074833,4,2,FALSE
N2011704_7_S115,ISG1_10182023_074833,3,2,FALSE
N2011189_2_S117,ISG1_10182023_074833,3,2,FALSE
N2011087_1_S45,ISG1_10182023_074833,2,2,FALSE
NQS2_-_QC2_10k_S250,ISG1_10182023_074833,4,2,FALSE
NDS2_DC1_10k_S236,ISG1_10182023_074833,4,2,FALSE
N2011620_S113,ISG1_10182023_074833,3,2,FALSE
NDS2_DC7_10k_S242,ISG1_10182023_074833,4,2,FALSE
N2011091_8_S10,ISG1_10182023_074833,2,2,FALSE
N2011015_4_S26,ISG1_10182023_074833,2,2,FALSE
N2011122_9_S4,ISG1_10182023_074833,2,2,FALSE
N2011089_5_S214,ISG1_10182023_074833,4,2,FALSE
N2011058_1_S39,ISG1_10182023_074833,2,2,FALSE
N2011484_8_S109,ISG1_10182023_074833,3,2,FALSE
N2011066_6_S40,ISG1_10182023_074833,2,2,FALSE
N1873648_9_S170,ISG1_10182023_074833,3,2,FALSE
N1948509_6_S22,ISG1_10182023_074833,2,2,FALSE
N2011095_6_S6,ISG1_10182023_074833,2,2,FALSE
N1873656_4_S194,ISG1_10182023_074833,4,2,FALSE
N1873646_5_S174,ISG1_10182023_074833,3,2,FALSE
N2011088_8_S12,ISG1_10182023_074833,2,2,FALSE
N1950626_5_S172,ISG1_10182023_074833,3,2,FALSE
N2011141_S90,ISG1_10182023_074833,2,2,FALSE
N2011100_7_S11,ISG1_10182023_074833,2,2,FALSE
N2011072_7_S145,ISG1_10182023_074833,3,2,FALSE
N2011085_7_S211,ISG1_10182023_074833,4,2,FALSE
N2011125_S148,ISG1_10182023_074833,3,2,FALSE
N2011662_S111,ISG1_10182023_074833,3,2,FALSE
N2011105_2_S141,ISG1_10182023_074833,3,2,FALSE
N2011619_4_S114,ISG1_10182023_074833,3,2,FALSE
N2011075_8_S216,ISG1_10182023_074833,4,2,FALSE
N2011065_9_S146,ISG1_10182023_074833,3,2,FALSE
N2011059_8_S13,ISG1_10182023_074833,2,2,FALSE
N2011505_S163,ISG1_10182023_074833,3,2,FALSE
N2011514_2_S232,ISG1_10182023_074833,4,2,FALSE
N2011218_9_S124,ISG1_10182023_074833,3,2,FALSE
N2011804_4_S59,ISG1_10182023_074833,2,2,FALSE
N1948540_9_S21,ISG1_10182023_074833,2,2,FALSE
N2011506_7_S67,ISG1_10182023_074833,2,2,FALSE
N2011513_5_S160,ISG1_10182023_074833,3,2,FALSE
N2011580_7_S157,ISG1_10182023_074833,3,2,FALSE
N2011608_8_S166,ISG1_10182023_074833,3,2,FALSE
N2011626_2_S159,ISG1_10182023_074833,3,2,FALSE
N1873640_3_S198,ISG1_10182023_074833,4,2,FALSE
N2011126_7_S150,ISG1_10182023_074833,3,2,FALSE
N1818023_7_S270,ISG1_10182023_074833,1,1,FALSE
N2011135_9_S94,ISG1_10182023_074833,2,2,FALSE
N2011473_2_S131,ISG1_10182023_074833,3,2,FALSE
N2011080_2_S38,ISG1_10182023_074833,2,2,FALSE
N2011566_1_S96,ISG1_10182023_074833,2,2,FALSE
N2011591_3_S165,ISG1_10182023_074833,3,2,FALSE
N2011098_7_S43,ISG1_10182023_074833,2,2,FALSE
N2011581_4_S97,ISG1_10182023_074833,3,2,FALSE
N2011621_7_S162,ISG1_10182023_074833,3,2,FALSE
N2011050_5_S142,ISG1_10182023_074833,3,2,FALSE
N2012069_6_S16,ISG1_10182023_074833,2,2,FALSE
N2011600_2_S100,ISG1_10182023_074833,3,2,FALSE
N1948529_4_S220,ISG1_10182023_074833,4,2,FALSE
N1948819_6_S272,ISG1_10182023_074833,1,1,FALSE
N2011064_2_S36,ISG1_10182023_074833,2,2,FALSE
N2011614_9_S230,ISG1_10182023_074833,4,2,FALSE
N2011221_9_S132,ISG1_10182023_074833,3,2,FALSE
N2011624_8_S161,ISG1_10182023_074833,3,2,FALSE
N2011312_4_S29,ISG1_10182023_074833,2,2,FALSE
N2011517_3_S30,ISG1_10182023_074833,2,2,FALSE
N2011589_S164,ISG1_10182023_074833,3,2,FALSE
N2011076_5_S34,ISG1_10182023_074833,2,2,FALSE
N2011111_3_S123,ISG1_10182023_074833,3,2,FALSE
N1950409_4_S234,ISG1_10182023_074833,4,2,FALSE
N2011120_5_S153,ISG1_10182023_074833,3,2,FALSE
N2011335_3_S27,ISG1_10182023_074833,2,2,FALSE
N2011448_S134,ISG1_10182023_074833,3,2,FALSE
N2011450_3_S68,ISG1_10182023_074833,2,2,FALSE
N2011665_1_S99,ISG1_10182023_074833,3,2,FALSE
N2011452_7_S61,ISG1_10182023_074833,2,2,FALSE
N2011576_S169,ISG1_10182023_074833,3,2,FALSE
N2011597_5_S227,ISG1_10182023_074833,4,2,FALSE
N2011803_7_S58,ISG1_10182023_074833,2,2,FALSE
N2011637_8_S101,ISG1_10182023_074833,3,2,FALSE
N2011596_8_S75,ISG1_10182023_074833,2,2,FALSE
NDS2_DC6_10k_S241,ISG1_10182023_074833,4,2,FALSE
NNeg2_S55,ISG1_10182023_074833,2,2,FALSE
N2011262_2_S86,ISG1_10182023_074833,2,2,FALSE
N2011618_7_S233,ISG1_10182023_074833,4,2,FALSE
NNeg4_S151,ISG1_10182023_074833,3,2,FALSE
NNeg6_S247,ISG1_10182023_074833,4,2,FALSE
N2011265_3_S105,ISG1_10182023_074833,3,2,FALSE
NNeg5_S200,ISG1_10182023_074833,4,2,FALSE
NNeg1_S8,ISG1_10182023_074833,2,2,FALSE
N3D710ka_S56,ISG1_10182023_074833,2,2,TRUE
N1933594_S61,ISG2_10182023_074844,2,2,FALSE
N1935844_4_S211,ISG2_10182023_074844,4,2,FALSE
N1942013_4_S181,ISG2_10182023_074844,3,2,FALSE
N1936874_S47,ISG2_10182023_074844,2,2,FALSE
N1937063_7_S234,ISG2_10182023_074844,4,2,FALSE
N1939306_3_S204,ISG2_10182023_074844,4,2,FALSE
N1959429_3_S177,ISG2_10182023_074844,3,2,FALSE
N1939471_8_S3,ISG2_10182023_074844,2,2,FALSE
N1960817_4_S224,ISG2_10182023_074844,4,2,FALSE
N1933621_3_S193,ISG2_10182023_074844,4,2,FALSE
N1933388_5_S115,ISG2_10182023_074844,3,2,FALSE
N1934864_3_S80,ISG2_10182023_074844,2,2,FALSE
N1933602_2_S114,ISG2_10182023_074844,3,2,FALSE
N1933734_S253,ISG2_10182023_074844,4,2,FALSE
N1933710_4_S191,ISG2_10182023_074844,3,2,FALSE
N1935669_3_S208,ISG2_10182023_074844,4,2,FALSE
N1936310_3_S178,ISG2_10182023_074844,3,2,FALSE
N1937074_3_S184,ISG2_10182023_074844,3,2,FALSE
N1938737_6_S76,ISG2_10182023_074844,2,2,FALSE
N1939613_2_S62,ISG2_10182023_074844,2,2,FALSE
N1939640_8_S69,ISG2_10182023_074844,2,2,FALSE
N1936182_6_S232,ISG2_10182023_074844,4,2,FALSE
N1935547_4_S137,ISG2_10182023_074844,3,2,FALSE
N1936040_9_S18,ISG2_10182023_074844,2,2,FALSE
N1936943_3_S48,ISG2_10182023_074844,2,2,FALSE
N1939370_4_S126,ISG2_10182023_074844,3,2,FALSE
N1941915_2_S51,ISG2_10182023_074844,2,2,FALSE
N1934779_S274,ISG2_10182023_074844,4,2,FALSE
N1934159_S242,ISG2_10182023_074844,4,2,FALSE
N1935351_7_S74,ISG2_10182023_074844,2,2,FALSE
N1935126_1_S212,ISG2_10182023_074844,4,2,FALSE
N1933596_4_S59,ISG2_10182023_074844,2,2,FALSE
N1935006_6_S207,ISG2_10182023_074844,4,2,FALSE
N1928295_4_S22,ISG2_10182023_074844,2,2,FALSE
N1934798_1_S273,ISG2_10182023_074844,4,2,FALSE
N1937083_5_S52,ISG2_10182023_074844,2,2,FALSE
N1939458_9_S206,ISG2_10182023_074844,4,2,FALSE
N1936313_4_S233,ISG2_10182023_074844,4,2,FALSE
N1936837_5_S105,ISG2_10182023_074844,3,2,FALSE
N1938788_8_S24,ISG2_10182023_074844,2,2,FALSE
N1958916_9_S99,ISG2_10182023_074844,3,2,FALSE
N1939377_3_S198,ISG2_10182023_074844,4,2,FALSE
N1960868_6_S261,ISG2_10182023_074844,4,2,FALSE
N1960791_7_S170,ISG2_10182023_074844,3,2,FALSE
N1935312_8_S75,ISG2_10182023_074844,2,2,FALSE
NNeg1b_S104,ISG2_10182023_074844,3,2,FALSE
N1934987_9_S130,ISG2_10182023_074844,3,2,FALSE
N1933402_8_S194,ISG2_10182023_074844,4,2,FALSE
N1939338_4_S65,ISG2_10182023_074844,2,2,FALSE
N1936035_5_S135,ISG2_10182023_074844,3,2,FALSE
N1939628_6_S201,ISG2_10182023_074844,4,2,FALSE
N1940323_6_S68,ISG2_10182023_074844,2,2,FALSE
N1961120_4_S171,ISG2_10182023_074844,3,2,FALSE
N1961177_8_S101,ISG2_10182023_074844,3,2,FALSE
N3D710ka_S56,ISG2_10182023_074844,2,2,TRUE
N1934602_1_S73,ISG2_10182023_074844,2,2,FALSE
N1935172_8_S275,ISG2_10182023_074844,4,2,FALSE
N1935232_9_S276,ISG2_10182023_074844,4,2,FALSE
N1938627_S16,ISG2_10182023_074844,2,2,FALSE
N1958797_4_S288,ISG2_10182023_074844,4,2,FALSE
N1959695_2_S263,ISG2_10182023_074844,4,2,FALSE
N3D7100Kb_S103,ISG2_10182023_074844,3,2,TRUE
N3D7_Dd2_k13_75_S153,ISG2_10182023_074844,3,2,FALSE
N1934076_S249,ISG2_10182023_074844,4,2,FALSE
N1939323_S64,ISG2_10182023_074844,2,2,FALSE
N1938807_6_S282,ISG2_10182023_074844,4,2,FALSE
N1963599_6_S31,ISG2_10182023_074844,2,2,FALSE
N1964177_5_S29,ISG2_10182023_074844,2,2,FALSE
N1933391_5_S197,ISG2_10182023_074844,4,2,FALSE
N3D7_Dd2_k13_1_S161,ISG2_10182023_074844,3,2,FALSE
N1942251_S180,ISG2_10182023_074844,3,2,FALSE
N1961143_3_S96,ISG2_10182023_074844,2,2,FALSE
N1961553_S28,ISG2_10182023_074844,2,2,FALSE
N1962475_4_S166,ISG2_10182023_074844,3,2,FALSE
N1961113_6_S173,ISG2_10182023_074844,3,2,FALSE
N1962744_1_S86,ISG2_10182023_074844,2,2,FALSE
N1979135_7_S122,ISG2_10182023_074844,3,2,FALSE
N1991045_1_S71,ISG2_10182023_074844,2,2,FALSE
N1963744_S27,ISG2_10182023_074844,2,2,FALSE
N1935400_2_S213,ISG2_10182023_074844,4,2,FALSE
N2011116_8_S289,ISG2_10182023_074844,1,1,FALSE
N3D7100K_a_S7,ISG2_10182023_074844,2,2,TRUE
N3D7_Dd2_k13_10_S158,ISG2_10182023_074844,3,2,FALSE
N1933660_2_S58,ISG2_10182023_074844,2,2,FALSE
N1939298_1_S5,ISG2_10182023_074844,2,2,FALSE
N1961141_9_S42,ISG2_10182023_074844,2,2,FALSE
N1942737_9_S183,ISG2_10182023_074844,3,2,FALSE
N1958909_1_S97,ISG2_10182023_074844,3,2,FALSE
N1959586_3_S169,ISG2_10182023_074844,3,2,FALSE
N1960496_1_S37,ISG2_10182023_074844,2,2,FALSE
N1935001_1_S277,ISG2_10182023_074844,4,2,FALSE
N1963604_7_S141,ISG2_10182023_074844,3,2,FALSE
N1978627_8_S13,ISG2_10182023_074844,2,2,FALSE
N1935459_S19,ISG2_10182023_074844,2,2,FALSE
N1933590_2_S53,ISG2_10182023_074844,2,2,FALSE
N1958905_3_S284,ISG2_10182023_074844,4,2,FALSE
N1942400_2_S110,ISG2_10182023_074844,3,2,FALSE
N1964175_1_S214,ISG2_10182023_074844,4,2,FALSE
N1961530_1_S143,ISG2_10182023_074844,3,2,FALSE
N1962461_7_S218,ISG2_10182023_074844,4,2,FALSE
N1962629_1_S142,ISG2_10182023_074844,3,2,FALSE
N1933401_1_S120,ISG2_10182023_074844,3,2,FALSE
N1935256_5_S280,ISG2_10182023_074844,4,2,FALSE
N1960508_1_S262,ISG2_10182023_074844,4,2,FALSE
N1963320_6_S33,ISG2_10182023_074844,2,2,FALSE
N1961151_8_S174,ISG2_10182023_074844,3,2,FALSE
N1963438_8_S216,ISG2_10182023_074844,4,2,FALSE
N1961160_S95,ISG2_10182023_074844,2,2,FALSE
N1962384_9_S219,ISG2_10182023_074844,4,2,FALSE
N1964141_6_S85,ISG2_10182023_074844,2,2,FALSE
N1978517_2_S12,ISG2_10182023_074844,2,2,FALSE
N1960443_5_S93,ISG2_10182023_074844,2,2,FALSE
N1962698_7_S264,ISG2_10182023_074844,4,2,FALSE
N1933661_9_S244,ISG2_10182023_074844,4,2,FALSE
N1960524_1_S223,ISG2_10182023_074844,4,2,FALSE
N1962716_8_S26,ISG2_10182023_074844,2,2,FALSE
N1961157_S38,ISG2_10182023_074844,2,2,FALSE
N1991610_1_S128,ISG2_10182023_074844,3,2,FALSE
N1991640_8_S202,ISG2_10182023_074844,4,2,FALSE
N1963751_8_S168,ISG2_10182023_074844,3,2,FALSE
N3D7100Kc_S199,ISG2_10182023_074844,4,2,TRUE
N3D710kb_S152,ISG2_10182023_074844,3,2,TRUE
N1933649_7_S121,ISG2_10182023_074844,3,2,FALSE
N1942753_9_S45,ISG2_10182023_074844,2,2,FALSE
N1933721_S252,ISG2_10182023_074844,4,2,FALSE
N1959568_9_S94,ISG2_10182023_074844,2,2,FALSE
N1961531_8_S220,ISG2_10182023_074844,4,2,FALSE
N1962594_2_S217,ISG2_10182023_074844,4,2,FALSE
N1963388_6_S221,ISG2_10182023_074844,4,2,FALSE
N1963579_8_S32,ISG2_10182023_074844,2,2,FALSE
N1961544_8_S88,ISG2_10182023_074844,2,2,FALSE
N1963742_6_S144,ISG2_10182023_074844,3,2,FALSE
N1964150_8_S167,ISG2_10182023_074844,3,2,FALSE
N1942689_1_S44,ISG2_10182023_074844,2,2,FALSE
N1961701_5_S30,ISG2_10182023_074844,2,2,FALSE
N1935029_5_S210,ISG2_10182023_074844,4,2,FALSE
N1962003_9_S163,ISG2_10182023_074844,3,2,FALSE
N1960391_9_S36,ISG2_10182023_074844,2,2,FALSE
N1960400_8_S226,ISG2_10182023_074844,4,2,FALSE
N1961874_6_S89,ISG2_10182023_074844,2,2,FALSE
N1963758_7_S84,ISG2_10182023_074844,2,2,FALSE
N1963197_4_S91,ISG2_10182023_074844,2,2,FALSE
N1964136_2_S145,ISG2_10182023_074844,3,2,FALSE
N3D7_Dd2_k13_0_S162,ISG2_10182023_074844,3,2,FALSE
N3D7_Dd2_k13_25_S157,ISG2_10182023_074844,3,2,FALSE
N3D7_Dd2_k13_50_S155,ISG2_10182023_074844,3,2,FALSE
N1933746_3_S251,ISG2_10182023_074844,4,2,FALSE
N3D7_Dd2_k13_60_S154,ISG2_10182023_074844,3,2,FALSE
N1959388_3_S35,ISG2_10182023_074844,2,2,FALSE
N1942116_2_S186,ISG2_10182023_074844,3,2,FALSE
N1960322_3_S176,ISG2_10182023_074844,3,2,FALSE
N1960401_5_S287,ISG2_10182023_074844,4,2,FALSE
N1962733_5_S267,ISG2_10182023_074844,4,2,FALSE
N1963540_8_S92,ISG2_10182023_074844,2,2,FALSE
N1962239_2_S215,ISG2_10182023_074844,4,2,FALSE
N1963948_2_S266,ISG2_10182023_074844,4,2,FALSE
N3D7_Dd2_k13_100_S146,ISG2_10182023_074844,3,2,TRUE
N1934748_6_S134,ISG2_10182023_074844,3,2,FALSE
N3D7_Dd2_k13_2_S160,ISG2_10182023_074844,3,2,FALSE
N3D7_Dd2_k13_5_S159,ISG2_10182023_074844,3,2,FALSE
N3D7_Dd2_k13_95_S149,ISG2_10182023_074844,3,2,FALSE
N3D7_Dd2_k13_99_S147,ISG2_10182023_074844,3,2,FALSE
N3D7_Dd2_k13_98_S148,ISG2_10182023_074844,3,2,FALSE
N1933668_8_S243,ISG2_10182023_074844,4,2,FALSE
N1959206_S229,ISG2_10182023_074844,4,2,FALSE
N1962006_S265,ISG2_10182023_074844,4,2,FALSE
N1963574_3_S269,ISG2_10182023_074844,4,2,FALSE
N1991638_5_S127,ISG2_10182023_074844,3,2,FALSE
N1934855_1_S78,ISG2_10182023_074844,2,2,FALSE
N3D7_Dd2_k13_40_S156,ISG2_10182023_074844,3,2,FALSE
N1961056_6_S259,ISG2_10182023_074844,4,2,FALSE
N1942469_9_S50,ISG2_10182023_074844,2,2,FALSE
N1962477_8_S90,ISG2_10182023_074844,2,2,FALSE
N1963146_2_S83,ISG2_10182023_074844,2,2,FALSE
N1963327_5_S34,ISG2_10182023_074844,2,2,FALSE
N3D7_Dd2_k13_90_S150,ISG2_10182023_074844,3,2,FALSE
N1933720_3_S257,ISG2_10182023_074844,4,2,FALSE
N1938743_7_S133,ISG2_10182023_074844,3,2,FALSE
N1933403_5_S54,ISG2_10182023_074844,2,2,FALSE
N1942437_8_S230,ISG2_10182023_074844,4,2,FALSE
N1960314_8_S43,ISG2_10182023_074844,2,2,FALSE
N1962734_2_S165,ISG2_10182023_074844,3,2,FALSE
N1942436_1_S49,ISG2_10182023_074844,2,2,FALSE
N1960389_6_S285,ISG2_10182023_074844,4,2,FALSE
N1961195_2_S175,ISG2_10182023_074844,3,2,FALSE
N1939371_1_S203,ISG2_10182023_074844,4,2,FALSE
N1960386_5_S227,ISG2_10182023_074844,4,2,FALSE
N1937084_2_S107,ISG2_10182023_074844,3,2,FALSE
N1960589_S225,ISG2_10182023_074844,4,2,FALSE
N1933974_S250,ISG2_10182023_074844,4,2,FALSE
N1933618_3_S240,ISG2_10182023_074844,4,2,FALSE
N1961932_3_S87,ISG2_10182023_074844,2,2,FALSE
N1933626_8_S195,ISG2_10182023_074844,4,2,FALSE
N1935406_4_S79,ISG2_10182023_074844,2,2,FALSE
N1935187_2_S138,ISG2_10182023_074844,3,2,FALSE
N1962633_8_S164,ISG2_10182023_074844,3,2,FALSE
N1960509_8_S283,ISG2_10182023_074844,4,2,FALSE
N1940524_7_S205,ISG2_10182023_074844,4,2,FALSE
N1991691_S124,ISG2_10182023_074844,3,2,FALSE
N1935278_7_S209,ISG2_10182023_074844,4,2,FALSE
N1961049_8_S260,ISG2_10182023_074844,4,2,FALSE
N1938794_9_S140,ISG2_10182023_074844,3,2,FALSE
N1934004_3_S117,ISG2_10182023_074844,3,2,FALSE
N1958854_4_S222,ISG2_10182023_074844,4,2,FALSE
N1933743_2_S256,ISG2_10182023_074844,4,2,FALSE
N1933634_3_S196,ISG2_10182023_074844,4,2,FALSE
N1934157_6_S241,ISG2_10182023_074844,4,2,FALSE
N1939641_5_S67,ISG2_10182023_074844,2,2,FALSE
N1941901_5_S188,ISG2_10182023_074844,3,2,FALSE
N1941916_9_S102,ISG2_10182023_074844,3,2,FALSE
N1958867_4_S41,ISG2_10182023_074844,2,2,FALSE
N1939610_1_S4,ISG2_10182023_074844,2,2,FALSE
N1933568_1_S57,ISG2_10182023_074844,2,2,FALSE
N1934012_8_S245,ISG2_10182023_074844,4,2,FALSE
N1938669_S72,ISG2_10182023_074844,2,2,FALSE
N1959401_9_S100,ISG2_10182023_074844,3,2,FALSE
N1941847_6_S187,ISG2_10182023_074844,3,2,FALSE
N1933735_7_S254,ISG2_10182023_074844,4,2,FALSE
N1935264_S139,ISG2_10182023_074844,3,2,FALSE
N1959255_8_S172,ISG2_10182023_074844,3,2,FALSE
N1959578_8_S40,ISG2_10182023_074844,2,2,FALSE
N1935305_S81,ISG2_10182023_074844,2,2,FALSE
N1939586_9_S66,ISG2_10182023_074844,2,2,FALSE
N1935658_7_S278,ISG2_10182023_074844,4,2,FALSE
N1934020_3_S112,ISG2_10182023_074844,3,2,FALSE
N1936173_4_S111,ISG2_10182023_074844,3,2,FALSE
N1936312_7_S235,ISG2_10182023_074844,4,2,FALSE
N1937037_8_S189,ISG2_10182023_074844,3,2,FALSE
N1939427_5_S6,ISG2_10182023_074844,2,2,FALSE
N1959572_6_S39,ISG2_10182023_074844,2,2,FALSE
N1939627_9_S125,ISG2_10182023_074844,3,2,FALSE
N1942011_S109,ISG2_10182023_074844,3,2,FALSE
N1933569_8_S60,ISG2_10182023_074844,2,2,FALSE
N1935035_6_S17,ISG2_10182023_074844,2,2,FALSE
N1934843_8_S82,ISG2_10182023_074844,2,2,FALSE
N1934891_9_S279,ISG2_10182023_074844,4,2,FALSE
N1938739_S136,ISG2_10182023_074844,3,2,FALSE
N1959207_7_S98,ISG2_10182023_074844,3,2,FALSE
N1939400_8_S11,ISG2_10182023_074844,2,2,FALSE
N1939428_2_S70,ISG2_10182023_074844,2,2,FALSE
N1940183_6_S1,ISG2_10182023_074844,2,2,FALSE
N1934098_2_S113,ISG2_10182023_074844,3,2,FALSE
N1937077_4_S231,ISG2_10182023_074844,4,2,FALSE
N1935661_7_S25,ISG2_10182023_074844,2,2,FALSE
N1933631_2_S119,ISG2_10182023_074844,3,2,FALSE
N1935155_1_S15,ISG2_10182023_074844,2,2,FALSE
N1933619_S239,ISG2_10182023_074844,4,2,FALSE
N1939562_3_S9,ISG2_10182023_074844,2,2,FALSE
N1941912_1_S238,ISG2_10182023_074844,4,2,FALSE
N1933603_9_S118,ISG2_10182023_074844,3,2,FALSE
N1939404_6_S10,ISG2_10182023_074844,2,2,FALSE
N1936053_9_S77,ISG2_10182023_074844,2,2,FALSE
N1939665_1_S2,ISG2_10182023_074844,2,2,FALSE
N1936146_8_S106,ISG2_10182023_074844,3,2,FALSE
N1936181_9_S182,ISG2_10182023_074844,3,2,FALSE
N1942117_9_S236,ISG2_10182023_074844,4,2,FALSE
N1938647_8_S23,ISG2_10182023_074844,2,2,FALSE
N1936842_9_S179,ISG2_10182023_074844,3,2,FALSE
N1939325_4_S129,ISG2_10182023_074844,3,2,FALSE
N1942594_8_S108,ISG2_10182023_074844,3,2,FALSE
N1942433_S237,ISG2_10182023_074844,4,2,FALSE
N1939633_S63,ISG2_10182023_074844,2,2,FALSE
N1934828_5_S271,ISG2_10182023_074844,4,2,FALSE
N1933571_1_S116,ISG2_10182023_074844,3,2,FALSE
N1933584_1_S246,ISG2_10182023_074844,4,2,FALSE
N1939391_9_S123,ISG2_10182023_074844,3,2,FALSE
N1936843_6_S46,ISG2_10182023_074844,2,2,FALSE
N1938603_4_S20,ISG2_10182023_074844,2,2,FALSE
N1933620_6_S192,ISG2_10182023_074844,3,2,FALSE
N1936840_5_S185,ISG2_10182023_074844,3,2,FALSE
N1938738_3_S21,ISG2_10182023_074844,2,2,FALSE
N1938843_4_S131,ISG2_10182023_074844,3,2,FALSE
N1939557_9_S14,ISG2_10182023_074844,2,2,FALSE
N1960384_1_S228,ISG2_10182023_074844,4,2,FALSE
N1960396_4_S286,ISG2_10182023_074844,4,2,FALSE
N1933988_7_S190,ISG2_10182023_074844,3,2,FALSE
N1934994_7_S281,ISG2_10182023_074844,4,2,FALSE
N1934865_S132,ISG2_10182023_074844,3,2,FALSE
N1935674_7_S272,ISG2_10182023_074844,4,2,FALSE
N2011115_1_S292,ISG2_10182023_074844,1,1,FALSE
NNeg2b_S151,ISG2_10182023_074844,3,2,FALSE
NNeg2c_S247,ISG2_10182023_074844,4,2,FALSE
NNeg1c_S200,ISG2_10182023_074844,4,2,FALSE
NNeg2d_S291,ISG2_10182023_074844,1,1,FALSE
NNeg2a_S55,ISG2_10182023_074844,2,2,FALSE
NNeg1a_S8,ISG2_10182023_074844,2,2,FALSE
N1933601_5_S107,ISG3_10192023_074559,2,2,FALSE
N1935124_7_S148,ISG3_10192023_074559,3,2,FALSE
N1939472_5_S157,ISG3_10192023_074559,2,2,FALSE
N1940218_5_S217,ISG3_10192023_074559,3,2,FALSE
N1961516_5_S216,ISG3_10192023_074559,3,2,FALSE
N1939882_2_S249,ISG3_10192023_074559,3,2,FALSE
N1940026_6_S213,ISG3_10192023_074559,3,2,FALSE
N1939294_3_S27,ISG3_10192023_074559,3,2,FALSE
N1941893_3_S51,ISG3_10192023_074559,3,2,FALSE
N1963205_6_S206,ISG3_10192023_074559,3,2,FALSE
N1962449_5_S224,ISG3_10192023_074559,3,2,FALSE
N1939887_7_S204,ISG3_10192023_074559,3,2,FALSE
N1935494_1_S142,ISG3_10192023_074559,3,2,FALSE
N1940025_9_S252,ISG3_10192023_074559,3,2,FALSE
N1963252_S219,ISG3_10192023_074559,3,2,FALSE
N1963296_4_S260,ISG3_10192023_074559,3,2,FALSE
N1963436_4_S202,ISG3_10192023_074559,3,2,FALSE
N1939345_2_S91,ISG3_10192023_074559,3,2,FALSE
N1939381_S25,ISG3_10192023_074559,2,2,FALSE
N1963295_7_S269,ISG3_10192023_074559,2,2,FALSE
N1939881_5_S227,ISG3_10192023_074559,3,2,FALSE
N1939625_5_S169,ISG3_10192023_074559,3,2,FALSE
N1939630_9_S178,ISG3_10192023_074559,3,2,FALSE
N1936582_4_S2,ISG3_10192023_074559,3,2,FALSE
N1962553_9_S244,ISG3_10192023_074559,2,2,FALSE
N1940376_2_S95,ISG3_10192023_074559,3,2,FALSE
N1941894_S115,ISG3_10192023_074559,3,2,FALSE
N1940329_8_S92,ISG3_10192023_074559,3,2,FALSE
N1940522_3_S17,ISG3_10192023_074559,3,2,FALSE
N1939668_2_S94,ISG3_10192023_074559,3,2,FALSE
N1933580_3_S37,ISG3_10192023_074559,2,2,FALSE
N1939610_1_S98,ISG3_10192023_074559,3,2,FALSE
N1962472_3_S130,ISG3_10192023_074559,2,2,FALSE
N1941891_9_S5,ISG3_10192023_074559,3,2,FALSE
N1936841_2_S46,ISG3_10192023_074559,3,2,FALSE
N1963761_7_S133,ISG3_10192023_074559,2,2,FALSE
N1942014_1_S112,ISG3_10192023_074559,3,2,FALSE
N1963847_8_S211,ISG3_10192023_074559,2,2,FALSE
N1963735_8_S132,ISG3_10192023_074559,3,2,FALSE
N1963707_5_S258,ISG3_10192023_074559,3,2,FALSE
N1963732_7_S134,ISG3_10192023_074559,3,2,FALSE
N1942254_1_S118,ISG3_10192023_074559,3,2,FALSE
N1963661_S175,ISG3_10192023_074559,3,2,FALSE
N1934115_6_S39,ISG3_10192023_074559,2,2,FALSE
N1963476_S72,ISG3_10192023_074559,3,2,FALSE
N1933656_5_S36,ISG3_10192023_074559,3,2,FALSE
N1962422_8_S255,ISG3_10192023_074559,2,2,FALSE
N1962387_S205,ISG3_10192023_074559,3,2,FALSE
N1961238_6_S250,ISG3_10192023_074559,3,2,FALSE
N1961311_6_S264,ISG3_10192023_074559,3,2,FALSE
N1942252_7_S113,ISG3_10192023_074559,3,2,FALSE
N1961257_7_S232,ISG3_10192023_074559,3,2,FALSE
N1963600_9_S71,ISG3_10192023_074559,2,2,FALSE
N1942395_1_S42,ISG3_10192023_074559,3,2,FALSE
N1961076_4_S124,ISG3_10192023_074559,3,2,FALSE
N1991364_3_S166,ISG3_10192023_074559,3,2,FALSE
N1935524_5_S82,ISG3_10192023_074559,3,2,FALSE
N1942157_5_S11,ISG3_10192023_074559,3,2,FALSE
N1961039_9_S125,ISG3_10192023_074559,3,2,FALSE
N1941898_8_S3,ISG3_10192023_074559,3,2,FALSE
N1959384_5_S123,ISG3_10192023_074559,3,2,FALSE
N1961150_1_S60,ISG3_10192023_074559,2,2,FALSE
N1991611_8_S165,ISG3_10192023_074559,3,2,FALSE
N1991191_5_S156,ISG3_10192023_074559,3,2,FALSE
N1941914_5_S6,ISG3_10192023_074559,3,2,FALSE
N1963532_3_S137,ISG3_10192023_074559,2,2,FALSE
N1991192_2_S155,ISG3_10192023_074559,2,2,FALSE
N1935102_5_S75,ISG3_10192023_074559,3,2,FALSE
N1963650_4_S138,ISG3_10192023_074559,2,2,FALSE
N1959560_3_S61,ISG3_10192023_074559,3,2,FALSE
N1961313_S68,ISG3_10192023_074559,3,2,FALSE
N1941899_5_S4,ISG3_10192023_074559,3,2,FALSE
N1959571_9_S174,ISG3_10192023_074559,3,2,FALSE
N1959696_9_S54,ISG3_10192023_074559,3,2,FALSE
N1961153_2_S62,ISG3_10192023_074559,3,2,FALSE
NNeg1c_S200,ISG3_10192023_074559,4,2,FALSE
N1990328_6_S88,ISG3_10192023_074559,3,2,FALSE
N1961183_9_S119,ISG3_10192023_074559,2,2,FALSE
N1936047_8_S80,ISG3_10192023_074559,3,2,FALSE
N1961513_4_S221,ISG3_10192023_074559,2,2,FALSE
N1961915_6_S267,ISG3_10192023_074559,2,2,FALSE
N3D7plusHB3_k135_95_S192,ISG3_10192023_074559,3,2,FALSE
N1962224_8_S266,ISG3_10192023_074559,3,2,FALSE
N1962599_7_S207,ISG3_10192023_074559,3,2,FALSE
N1961196_9_S122,ISG3_10192023_074559,3,2,FALSE
N1991536_4_S22,ISG3_10192023_074559,3,2,FALSE
N1961388_8_S265,ISG3_10192023_074559,3,2,FALSE
N3D7100Kc_S199,ISG3_10192023_074559,4,2,TRUE
N1933456_1_S99,ISG3_10192023_074559,3,2,FALSE
N1962050_3_S226,ISG3_10192023_074559,3,2,FALSE
N1963705_1_S254,ISG3_10192023_074559,3,2,FALSE
N1961389_5_S222,ISG3_10192023_074559,3,2,FALSE
N1962219_4_S238,ISG3_10192023_074559,3,2,FALSE
N1959253_4_S59,ISG3_10192023_074559,2,2,FALSE
N1961125_9_S65,ISG3_10192023_074559,3,2,FALSE
N1961713_8_S240,ISG3_10192023_074559,2,2,FALSE
N1963160_8_S230,ISG3_10192023_074559,3,2,FALSE
NFIND_1_S277,ISG3_10192023_074559,3,2,FALSE
N1959793_5_S63,ISG3_10192023_074559,2,2,FALSE
N1936849_8_S52,ISG3_10192023_074559,3,2,FALSE
N3D7plusHB3_k13100i_S195,ISG3_10192023_074559,3,2,FALSE
N1963747_1_S135,ISG3_10192023_074559,3,2,FALSE
N1961543_1_S256,ISG3_10192023_074559,3,2,FALSE
N3D7plusHB3_k1340_60_S189,ISG3_10192023_074559,3,2,FALSE
N1961828_9_S129,ISG3_10192023_074559,3,2,FALSE
N3D7plusHB3_k1395_5_S184,ISG3_10192023_074559,3,2,FALSE
N1962223_1_S203,ISG3_10192023_074559,2,2,FALSE
N1962279_8_S67,ISG3_10192023_074559,2,2,FALSE
N3D7100Ka_S7,ISG3_10192023_074559,2,2,TRUE
N1963597_2_S66,ISG3_10192023_074559,2,2,FALSE
N1935551_1_S81,ISG3_10192023_074559,3,2,FALSE
N1933600_8_S105,ISG3_10192023_074559,2,2,FALSE
N3D7plusHB3_k1399_1_S182,ISG3_10192023_074559,2,2,FALSE
NNeg2a_S55,ISG3_10192023_074559,2,2,FALSE
N1962450_1_S214,ISG3_10192023_074559,3,2,FALSE
N3D7100Kb_S103,ISG3_10192023_074559,3,2,FALSE
N1962476_1_S73,ISG3_10192023_074559,3,2,FALSE
N3D7plusHB3_k1325_75_S190,ISG3_10192023_074559,3,2,FALSE
N1962433_4_S208,ISG3_10192023_074559,3,2,FALSE
N1935121_6_S78,ISG3_10192023_074559,3,2,FALSE
N1962431_S236,ISG3_10192023_074559,3,2,FALSE
N1962435_8_S263,ISG3_10192023_074559,3,2,FALSE
N3D7plusHB3_k13100_S181,ISG3_10192023_074559,3,2,TRUE
N1964204_8_S259,ISG3_10192023_074559,3,2,FALSE
N1963900_S271,ISG3_10192023_074559,2,2,FALSE
N1964222_2_S273,ISG3_10192023_074559,2,2,FALSE
N1962546_1_S220,ISG3_10192023_074559,3,2,FALSE
N1962554_6_S251,ISG3_10192023_074559,3,2,FALSE
N1962430_3_S241,ISG3_10192023_074559,3,2,FALSE
N1962423_5_S242,ISG3_10192023_074559,3,2,FALSE
N1933740_1_S31,ISG3_10192023_074559,3,2,FALSE
NPM2_2_S275,ISG3_10192023_074559,2,2,FALSE
N3D7plusHB3_k1310_90_S191,ISG3_10192023_074559,3,2,FALSE
N1962820_2_S233,ISG3_10192023_074559,3,2,FALSE
N1963294_S272,ISG3_10192023_074559,2,2,FALSE
N1963851_5_S197,ISG3_10192023_074559,3,2,FALSE
NFIND_4_S280,ISG3_10192023_074559,3,2,FALSE
N1963214_8_S257,ISG3_10192023_074559,3,2,FALSE
N1936844_3_S43,ISG3_10192023_074559,3,2,FALSE
N1963450_S261,ISG3_10192023_074559,3,2,FALSE
N1990432_S163,ISG3_10192023_074559,2,2,FALSE
NFIND_3_S279,ISG3_10192023_074559,3,2,FALSE
N1940432_5_S18,ISG3_10192023_074559,2,2,FALSE
N1962607_9_S253,ISG3_10192023_074559,3,2,FALSE
N1991186_1_S158,ISG3_10192023_074559,2,2,FALSE
NFIND_2_S278,ISG3_10192023_074559,3,2,FALSE
N1942591_7_S45,ISG3_10192023_074559,2,2,FALSE
N1961518_9_S210,ISG3_10192023_074559,2,2,FALSE
N1962818_9_S223,ISG3_10192023_074559,3,2,FALSE
N1936303_5_S13,ISG3_10192023_074559,3,2,FALSE
N1963453_1_S228,ISG3_10192023_074559,3,2,FALSE
N1979146_3_S168,ISG3_10192023_074559,3,2,FALSE
N3D710kc_S248,ISG3_10192023_074559,4,2,TRUE
N1962845_5_S239,ISG3_10192023_074559,3,2,FALSE
N1942253_4_S49,ISG3_10192023_074559,2,2,FALSE
N1963454_8_S201,ISG3_10192023_074559,3,2,FALSE
N1963501_9_S139,ISG3_10192023_074559,3,2,FALSE
N1963739_6_S136,ISG3_10192023_074559,3,2,FALSE
N1990598_3_S164,ISG3_10192023_074559,3,2,FALSE
N1991614_9_S167,ISG3_10192023_074559,3,2,FALSE
N1933719_7_S15,ISG3_10192023_074559,3,2,FALSE
N1991612_5_S159,ISG3_10192023_074559,3,2,FALSE
N3D710ka_S56,ISG3_10192023_074559,2,2,TRUE
N1963124_S127,ISG3_10192023_074559,3,2,FALSE
N3D710kb_S152,ISG3_10192023_074559,3,2,TRUE
NPM2_1_S274,ISG3_10192023_074559,3,2,FALSE
N1963153_S243,ISG3_10192023_074559,3,2,FALSE
N1963848_5_S69,ISG3_10192023_074559,3,2,FALSE
N1979143_2_S180,ISG3_10192023_074559,3,2,FALSE
N1991561_6_S24,ISG3_10192023_074559,3,2,FALSE
N3D7plusHB3_k1390_10_S185,ISG3_10192023_074559,3,2,FALSE
N1939359_9_S97,ISG3_10192023_074559,3,2,FALSE
N1963752_5_S131,ISG3_10192023_074559,3,2,FALSE
N1981810_8_S28,ISG3_10192023_074559,3,2,FALSE
N3D7plusHB3_k132_98_S193,ISG3_10192023_074559,3,2,FALSE
N3D7plusHB3_k1375_25_S186,ISG3_10192023_074559,3,2,FALSE
N1963208_7_S128,ISG3_10192023_074559,3,2,FALSE
N1991098_7_S160,ISG3_10192023_074559,2,2,FALSE
N1991498_5_S89,ISG3_10192023_074559,3,2,FALSE
N1991394_S162,ISG3_10192023_074559,3,2,FALSE
N1991535_7_S21,ISG3_10192023_074559,3,2,FALSE
N3D7plusHB3_k1350_50_S188,ISG3_10192023_074559,3,2,FALSE
N1936300_4_S1,ISG3_10192023_074559,2,2,FALSE
N1991418_3_S26,ISG3_10192023_074559,3,2,FALSE
N1963859_1_S209,ISG3_10192023_074559,2,2,FALSE
N3DplusHB3_k1360_40_S187,ISG3_10192023_074559,3,2,FALSE
N1991663_7_S23,ISG3_10192023_074559,2,2,FALSE
N1964205_5_S196,ISG3_10192023_074559,2,2,FALSE
NPM2_4_S276,ISG3_10192023_074559,2,2,FALSE
N1942699_S10,ISG3_10192023_074559,2,2,FALSE
N1960741_2_S58,ISG3_10192023_074559,2,2,FALSE
N1979144_9_S179,ISG3_10192023_074559,2,2,FALSE
N1990224_1_S90,ISG3_10192023_074559,2,2,FALSE
N1935292_3_S153,ISG3_10192023_074559,3,2,FALSE
N3D7plusHB3_k131_99_S194,ISG3_10192023_074559,2,2,FALSE
N1933458_5_S101,ISG3_10192023_074559,3,2,FALSE
N1933457_8_S100,ISG3_10192023_074559,2,2,FALSE
N1933561_2_S173,ISG3_10192023_074559,2,2,FALSE
N1936543_5_S109,ISG3_10192023_074559,2,2,FALSE
N1933671_8_S108,ISG3_10192023_074559,3,2,FALSE
N1933718_S14,ISG3_10192023_074559,2,2,FALSE
N1933390_8_S33,ISG3_10192023_074559,3,2,FALSE
N1936050_8_S154,ISG3_10192023_074559,3,2,FALSE
N1936041_6_S85,ISG3_10192023_074559,3,2,FALSE
N1933742_5_S30,ISG3_10192023_074559,2,2,FALSE
N1934960_2_S145,ISG3_10192023_074559,3,2,FALSE
N1936967_9_S48,ISG3_10192023_074559,3,2,FALSE
N1936847_4_S44,ISG3_10192023_074559,3,2,FALSE
N1936492_6_S47,ISG3_10192023_074559,2,2,FALSE
N1959566_5_S120,ISG3_10192023_074559,3,2,FALSE
N1934050_S102,ISG3_10192023_074559,2,2,FALSE
N1933657_2_S172,ISG3_10192023_074559,3,2,FALSE
N1933407_3_S106,ISG3_10192023_074559,2,2,FALSE
N1934155_2_S34,ISG3_10192023_074559,2,2,FALSE
N1936159_8_S110,ISG3_10192023_074559,3,2,FALSE
N1934112_5_S171,ISG3_10192023_074559,3,2,FALSE
N1936846_7_S111,ISG3_10192023_074559,3,2,FALSE
N1935808_6_S144,ISG3_10192023_074559,3,2,FALSE
N1928258_9_S140,ISG3_10192023_074559,3,2,FALSE
N1935373_9_S176,ISG3_10192023_074559,3,2,FALSE
N1935810_9_S146,ISG3_10192023_074559,2,2,FALSE
N1935476_7_S76,ISG3_10192023_074559,3,2,FALSE
N1936903_7_S53,ISG3_10192023_074559,3,2,FALSE
N1933960_3_S41,ISG3_10192023_074559,2,2,FALSE
N1961207_2_S126,ISG3_10192023_074559,2,2,FALSE
N1933635_S38,ISG3_10192023_074559,3,2,FALSE
N1942399_9_S117,ISG3_10192023_074559,3,2,FALSE
N1936048_5_S87,ISG3_10192023_074559,3,2,FALSE
N1934099_9_S40,ISG3_10192023_074559,3,2,FALSE
N1936302_8_S114,ISG3_10192023_074559,3,2,FALSE
N1939585_2_S19,ISG3_10192023_074559,3,2,FALSE
N1934897_1_S74,ISG3_10192023_074559,3,2,FALSE
N1961161_7_S64,ISG3_10192023_074559,3,2,FALSE
N1936157_4_S9,ISG3_10192023_074559,3,2,FALSE
N1939608_8_S20,ISG3_10192023_074559,2,2,FALSE
N1937094_1_S50,ISG3_10192023_074559,3,2,FALSE
N1936540_4_S12,ISG3_10192023_074559,3,2,FALSE
N1934947_3_S177,ISG3_10192023_074559,3,2,FALSE
N1961507_3_S212,ISG3_10192023_074559,3,2,FALSE
N1935291_6_S84,ISG3_10192023_074559,3,2,FALSE
N1934158_3_S32,ISG3_10192023_074559,2,2,FALSE
N1961509_7_S229,ISG3_10192023_074559,2,2,FALSE
N1935599_3_S16,ISG3_10192023_074559,3,2,FALSE
N1928302_9_S141,ISG3_10192023_074559,3,2,FALSE
N1934102_6_S170,ISG3_10192023_074559,2,2,FALSE
N1933727_2_S35,ISG3_10192023_074559,3,2,FALSE
N1940620_6_S246,ISG3_10192023_074559,2,2,FALSE
N1962432_7_S235,ISG3_10192023_074559,3,2,FALSE
N1961515_8_S225,ISG3_10192023_074559,3,2,FALSE
N1962228_6_S237,ISG3_10192023_074559,3,2,FALSE
N1962420_4_S268,ISG3_10192023_074559,2,2,FALSE
N1935228_2_S86,ISG3_10192023_074559,3,2,FALSE
N1935255_8_S79,ISG3_10192023_074559,2,2,FALSE
N1961572_1_S245,ISG3_10192023_074559,3,2,FALSE
N1935350_S83,ISG3_10192023_074559,2,2,FALSE
N1962059_6_S215,ISG3_10192023_074559,3,2,FALSE
N1959577_1_S121,ISG3_10192023_074559,3,2,FALSE
N1935773_7_S77,ISG3_10192023_074559,3,2,FALSE
N1961557_8_S262,ISG3_10192023_074559,3,2,FALSE
N1961624_7_S231,ISG3_10192023_074559,2,2,FALSE
N1941932_9_S116,ISG3_10192023_074559,3,2,FALSE
N1935856_7_S147,ISG3_10192023_074559,3,2,FALSE
N1938693_5_S149,ISG3_10192023_074559,3,2,FALSE
N1934663_2_S143,ISG3_10192023_074559,3,2,FALSE
N1938819_9_S150,ISG3_10192023_074559,3,2,FALSE
N1939339_1_S96,ISG3_10192023_074559,3,2,FALSE
N1961780_S70,ISG3_10192023_074559,2,2,FALSE
N1962310_8_S270,ISG3_10192023_074559,2,2,FALSE
N1939346_9_S93,ISG3_10192023_074559,3,2,FALSE
N1959493_4_S57,ISG3_10192023_074559,2,2,FALSE
N1939525_8_S29,ISG3_10192023_074559,3,2,FALSE
N1940027_3_S198,ISG3_10192023_074559,3,2,FALSE
N1939468_8_S161,ISG3_10192023_074559,3,2,FALSE
NNeg1a_S8,ISG3_10192023_074559,2,2,FALSE
N1962445_7_S234,ISG3_10192023_074559,3,2,FALSE
N1962442_6_S218,ISG3_10192023_074559,3,2,FALSE
NNeg1b_S104,ISG3_10192023_074559,3,2,FALSE
NNeg2b_S151,ISG3_10192023_074559,3,2,FALSE
NNeg2c_S247,ISG3_10192023_074559,4,2,FALSE
N1933663_3_S37,ISG4_06232024_022528,1,1,FALSE
N1933459_2_S60,ISG4_06232024_022528,1,1,FALSE
N2026944_9_S235,ISG4_06232024_022528,3,2,FALSE
N2026734_6_S276,ISG4_06232024_022528,3,2,FALSE
N2027071_1_S247,ISG4_06232024_022528,3,2,FALSE
N2027080_3_S248,ISG4_06232024_022528,3,2,FALSE
N2027108_4_S272,ISG4_06232024_022528,3,2,FALSE
N2027376_7_S198,ISG4_06232024_022528,3,2,FALSE
N1933599_5_S27,ISG4_06232024_022528,1,1,FALSE
N2026984_5_S215,ISG4_06232024_022528,3,2,FALSE
N1933460_8_S58,ISG4_06232024_022528,1,1,FALSE
N1933967_2_S10,ISG4_06232024_022528,1,1,FALSE
N1934147_7_S19,ISG4_06232024_022528,1,1,FALSE
N2027386_6_S230,ISG4_06232024_022528,3,2,FALSE
N2027052_S219,ISG4_06232024_022528,3,2,FALSE
N2026915_9_S88,ISG4_06232024_022528,4,2,FALSE
N2026898_5_S275,ISG4_06232024_022528,3,2,FALSE
N2026750_6_S80,ISG4_06232024_022528,4,2,FALSE
N2027089_6_S192,ISG4_06232024_022528,3,2,FALSE
N2026608_S74,ISG4_06232024_022528,4,2,FALSE
N1934071_5_S20,ISG4_06232024_022528,1,1,FALSE
N2027115_2_S221,ISG4_06232024_022528,3,2,FALSE
N2027051_3_S274,ISG4_06232024_022528,3,2,FALSE
N2027062_9_S207,ISG4_06232024_022528,3,2,FALSE
N2027144_2_S267,ISG4_06232024_022528,3,2,FALSE
N2027061_2_S217,ISG4_06232024_022528,3,2,FALSE
N2027068_1_S234,ISG4_06232024_022528,3,2,FALSE
N2026603_5_S79,ISG4_06232024_022528,4,2,FALSE
N2027067_4_S83,ISG4_06232024_022528,4,2,FALSE
N2026751_3_S71,ISG4_06232024_022528,4,2,FALSE
N1933461_5_S53,ISG4_06232024_022528,1,1,FALSE
N2026689_9_S76,ISG4_06232024_022528,4,2,FALSE
N2026692_9_S77,ISG4_06232024_022528,4,2,FALSE
N2027485_6_S257,ISG4_06232024_022528,3,2,FALSE
N2027520_4_S201,ISG4_06232024_022528,3,2,FALSE
N2027490_S242,ISG4_06232024_022528,3,2,FALSE
N2076168_4_S229,ISG4_06232024_022528,3,2,FALSE
N1933717_3_S42,ISG4_06232024_022528,1,1,FALSE
N2076232_2_S263,ISG4_06232024_022528,3,2,FALSE
N2027081_S252,ISG4_06232024_022528,3,2,FALSE
N2027519_8_S200,ISG4_06232024_022528,3,2,FALSE
N3D7_1Kb_S120,ISG4_06232024_022528,4,2,TRUE
N2027111_4_S212,ISG4_06232024_022528,3,2,FALSE
N2027387_3_S277,ISG4_06232024_022528,3,2,FALSE
N2027515_S228,ISG4_06232024_022528,3,2,FALSE
N3D7_100a_S56,ISG4_06232024_022528,1,1,TRUE
N1934026_5_S62,ISG4_06232024_022528,1,1,FALSE
N2027099_5_S264,ISG4_06232024_022528,3,2,FALSE
N2065220_3_S208,ISG4_06232024_022528,3,2,FALSE
N2027470_2_S225,ISG4_06232024_022528,3,2,FALSE
N2027249_4_S260,ISG4_06232024_022528,3,2,FALSE
N2065325_5_S231,ISG4_06232024_022528,3,2,FALSE
N2027523_5_S204,ISG4_06232024_022528,3,2,FALSE
N2076211_7_S279,ISG4_06232024_022528,3,2,FALSE
N2076208_7_S206,ISG4_06232024_022528,3,2,FALSE
N2076381_7_S258,ISG4_06232024_022528,3,2,FALSE
N3D7_100b_S72,ISG4_06232024_022528,4,2,FALSE
N1933424_S57,ISG4_06232024_022528,1,1,FALSE
N2027340_8_S199,ISG4_06232024_022528,3,2,FALSE
N2027518_1_S220,ISG4_06232024_022528,3,2,FALSE
N2076223_S218,ISG4_06232024_022528,3,2,FALSE
N2027517_4_S223,ISG4_06232024_022528,3,2,FALSE
N3D7_PLUS_Dd2_k13_60_40_Lowdil1_10_S110,ISG4_06232024_022528,4,2,FALSE
N2027105_3_S227,ISG4_06232024_022528,3,2,FALSE
N2027169_5_S211,ISG4_06232024_022528,3,2,FALSE
N2027391_S195,ISG4_06232024_022528,3,2,FALSE
N2065173_2_S189,ISG4_06232024_022528,3,2,FALSE
N1933990_S52,ISG4_06232024_022528,1,1,FALSE
N3D7_PLUS_Dd2_k13_100_Lowdil1_10_S104,ISG4_06232024_022528,4,2,TRUE
N3D7_PLUS_Dd2_k13_1_99_Lowdil1_10_S117,ISG4_06232024_022528,4,2,FALSE
N3D7_PLUS_Dd2_k13_2_98_Lowdil1_10_S116,ISG4_06232024_022528,4,2,FALSE
N3D7_PLUS_HB3_1_99_S102,ISG4_06232024_022528,4,2,FALSE
N3D7_PLUS_HB3_75_25_S94,ISG4_06232024_022528,4,2,FALSE
N2065357_6_S68,ISG4_06232024_022528,4,2,FALSE
N2027392_7_S190,ISG4_06232024_022528,3,2,FALSE
N2027527_3_S203,ISG4_06232024_022528,3,2,FALSE
N2076163_9_S224,ISG4_06232024_022528,3,2,FALSE
N2076254_4_S226,ISG4_06232024_022528,3,2,FALSE
N1933723_4_S3,ISG4_06232024_022528,1,1,FALSE
N3D7_PLUS_Dd2_k13_95_5_Lowdil1_10_S107,ISG4_06232024_022528,4,2,FALSE
N3D7_PLUS_HB3_100_S89,ISG4_06232024_022528,4,2,TRUE
N2026968_5_S265,ISG4_06232024_022528,3,2,FALSE
N3D7_PLUS_Dd2_k13_100i_Lowdil1_10_S118,ISG4_06232024_022528,4,2,FALSE
N3D7_PLUS_Dd2_k13_25_75_Lowdil1_10_S113,ISG4_06232024_022528,4,2,FALSE
N3D7_PLUS_HB3_60_40_S95,ISG4_06232024_022528,4,2,FALSE
N2027130_5_S191,ISG4_06232024_022528,3,2,FALSE
N3D7_PLUS_Dd2_k13_50_50_Lowdil1_10_S111,ISG4_06232024_022528,4,2,FALSE
N3D7_PLUS_HB3_25_75_S98,ISG4_06232024_022528,4,2,FALSE
N3D7_PLUS_HB3_100i_S103,ISG4_06232024_022528,4,2,FALSE
N1934072_2_S18,ISG4_06232024_022528,1,1,FALSE
N3D7_PLUS_HB3_2_98_S101,ISG4_06232024_022528,4,2,FALSE
N3D7_1Ka_S7,ISG4_06232024_022528,1,1,FALSE
N1934017_3_S28,ISG4_06232024_022528,1,1,FALSE
NSPR_EL_033_1_S146,ISG4_06232024_022528,2,2,FALSE
NSPR_EL_099_1_S178,ISG4_06232024_022528,2,2,FALSE
N2027156_5_S268,ISG4_06232024_022528,3,2,FALSE
N2027162_6_S239,ISG4_06232024_022528,3,2,FALSE
N2076174_5_S233,ISG4_06232024_022528,3,2,FALSE
N1934049_4_S36,ISG4_06232024_022528,1,1,FALSE
N3D7_PLUS_HB3_5_95_S100,ISG4_06232024_022528,4,2,FALSE
NSPR_EL_007_1_S133,ISG4_06232024_022528,2,2,FALSE
NSPR_EL_267_1_S170,ISG4_06232024_022528,2,2,FALSE
N3D7_PLUS_Dd2_k13_99_1_Lowdil1_10_S105,ISG4_06232024_022528,4,2,FALSE
NSPR_EL_052_1_S167,ISG4_06232024_022528,2,2,FALSE
N1934153_8_S26,ISG4_06232024_022528,1,1,FALSE
NSPR_EL_115_1_S137,ISG4_06232024_022528,2,2,FALSE
NSPR_EL_272_1_S138,ISG4_06232024_022528,2,2,FALSE
N2027072_8_S205,ISG4_06232024_022528,3,2,FALSE
N3D7_PLUS_HB3_10_90_S99,ISG4_06232024_022528,4,2,FALSE
N3D7_PLUS_HB3_40_60_S97,ISG4_06232024_022528,4,2,FALSE
NDd2_1Kd_S193,ISG4_06232024_022528,3,2,FALSE
NDd2_100d_S241,ISG4_06232024_022528,3,2,FALSE
NSPR_EL_295_1_S166,ISG4_06232024_022528,2,2,FALSE
NSPR_EL_107_1_S173,ISG4_06232024_022528,2,2,FALSE
NSPR_EL_093_1_S142,ISG4_06232024_022528,2,2,FALSE
NSPR_EL_179_1_S183,ISG4_06232024_022528,2,2,FALSE
NSPR_EL_262_1_S161,ISG4_06232024_022528,2,2,FALSE
NSPR_EL_187_1_S172,ISG4_06232024_022528,2,2,FALSE
N2027464_1_S281,ISG4_06232024_022528,3,2,FALSE
N2076230_8_S67,ISG4_06232024_022528,4,2,FALSE
NSPR_EL_222_1_S154,ISG4_06232024_022528,2,2,FALSE
N3D7_PLUS_Dd2_k13_75_25_Lowdil1_10_S109,ISG4_06232024_022528,4,2,FALSE
NSPR_EL_277_1_S141,ISG4_06232024_022528,2,2,FALSE
N1934083_8_S24,ISG4_06232024_022528,1,1,FALSE
N3D7_PLUS_Dd2_k13_5_95_Lowdil1_10_S115,ISG4_06232024_022528,4,2,FALSE
N3D7_PLUS_HB3_95_5_S92,ISG4_06232024_022528,4,2,FALSE
NSPR_EL_031_1_S177,ISG4_06232024_022528,2,2,FALSE
NSPR_EL_261_1_S160,ISG4_06232024_022528,2,2,FALSE
N3D7_PLUS_Dd2_k13_98_2_Lowdil1_10_S106,ISG4_06232024_022528,4,2,FALSE
N3D7_PLUS_Dd2_k13_10_90_Lowdil1_10_S114,ISG4_06232024_022528,4,2,FALSE
N3D7_PLUS_Dd2_k13_90_10_Lowdil1_10_S108,ISG4_06232024_022528,4,2,FALSE
NSPR_EL_117_1_S153,ISG4_06232024_022528,2,2,FALSE
NSPR_EL_120_1_S184,ISG4_06232024_022528,2,2,FALSE
NSPR_EL_145_1_S152,ISG4_06232024_022528,2,2,FALSE
N1933669_5_S64,ISG4_06232024_022528,1,1,FALSE
NSPR_EL_244_1_S144,ISG4_06232024_022528,2,2,FALSE
NSPR_EL_266_1_S176,ISG4_06232024_022528,2,2,FALSE
NSPR_EL_269_1_S168,ISG4_06232024_022528,2,2,FALSE
N3D7_PLUS_HB3_50_50_S96,ISG4_06232024_022528,4,2,FALSE
N3D7_PLUS_HB3_99_1_S90,ISG4_06232024_022528,4,2,FALSE
NSPR_EL_069_1_S181,ISG4_06232024_022528,2,2,FALSE
NSPR_EL_290_1_S174,ISG4_06232024_022528,2,2,FALSE
N3D7_PLUS_Dd2_k13_40_60_Lowdil1_10_S112,ISG4_06232024_022528,4,2,FALSE
N3D7_PLUS_HB3_90_10_S93,ISG4_06232024_022528,4,2,FALSE
NDd2_100_S131,ISG4_06232024_022528,2,2,FALSE
N1933965_8_S16,ISG4_06232024_022528,1,1,FALSE
NSPR_EL_030_1_S136,ISG4_06232024_022528,2,2,FALSE
NSPR_EL_087_1_S163,ISG4_06232024_022528,2,2,FALSE
NSPR_EL_092_1_S135,ISG4_06232024_022528,2,2,FALSE
NSPR_EL_198_1_S156,ISG4_06232024_022528,2,2,FALSE
NSPR_EL_017_1_S162,ISG4_06232024_022528,2,2,FALSE
NSPR_EL_045_1_S185,ISG4_06232024_022528,2,2,FALSE
NSPR_EL_230_1_S186,ISG4_06232024_022528,2,2,FALSE
NSPR_EL_240_1_S130,ISG4_06232024_022528,2,2,FALSE
N2026946_3_S66,ISG4_06232024_022528,4,2,FALSE
NSPR_EL_066_1_S150,ISG4_06232024_022528,2,2,FALSE
N1933389_2_S11,ISG4_06232024_022528,1,1,FALSE
NSPR_EL_217_1_S128,ISG4_06232024_022528,2,2,FALSE
NSPR_EL_289_1_S155,ISG4_06232024_022528,2,2,FALSE
NSPR_EL_224_1_S149,ISG4_06232024_022528,2,2,FALSE
NSPR_EL_131_1_S157,ISG4_06232024_022528,2,2,FALSE
NSPR_EL_038_1_S171,ISG4_06232024_022528,2,2,FALSE
NSPR_EL_282_1_S169,ISG4_06232024_022528,2,2,FALSE
NSPR_EL_283_1_S165,ISG4_06232024_022528,2,2,FALSE
N3D7_PLUS_HB3_98_2_S91,ISG4_06232024_022528,4,2,FALSE
NSPR_EL_091_1_S127,ISG4_06232024_022528,2,2,FALSE
NSPR_EL_193_1_S126,ISG4_06232024_022528,2,2,FALSE
N1934031_9_S5,ISG4_06232024_022528,1,1,FALSE
NSPR_EL_061_1_S125,ISG4_06232024_022528,2,2,FALSE
NSPR_EL_257_1_S175,ISG4_06232024_022528,2,2,FALSE
N1934145_3_S25,ISG4_06232024_022528,1,1,FALSE
N1934035_7_S1,ISG4_06232024_022528,1,1,FALSE
N1934074_6_S17,ISG4_06232024_022528,1,1,FALSE
N1933563_6_S47,ISG4_06232024_022528,1,1,FALSE
N1933562_9_S31,ISG4_06232024_022528,1,1,FALSE
N1933463_9_S61,ISG4_06232024_022528,1,1,FALSE
N1934008_1_S122,ISG4_06232024_022528,4,2,FALSE
N1934111_8_S39,ISG4_06232024_022528,1,1,FALSE
N1933995_5_S32,ISG4_06232024_022528,1,1,FALSE
N2026826_8_S253,ISG4_06232024_022528,3,2,FALSE
N1933393_9_S46,ISG4_06232024_022528,1,1,FALSE
N2026545_8_S187,ISG4_06232024_022528,3,2,FALSE
N1934053_1_S33,ISG4_06232024_022528,1,1,FALSE
N1933469_1_S65,ISG4_06232024_022528,1,1,FALSE
N1934054_8_S2,ISG4_06232024_022528,1,1,FALSE
N2026548_9_S209,ISG4_06232024_022528,3,2,FALSE
N2026767_4_S84,ISG4_06232024_022528,4,2,FALSE
N1934068_5_S23,ISG4_06232024_022528,1,1,FALSE
N1934093_7_S40,ISG4_06232024_022528,1,1,FALSE
N2026834_3_S249,ISG4_06232024_022528,3,2,FALSE
N1934091_3_S6,ISG4_06232024_022528,1,1,FALSE
N1933644_2_S35,ISG4_06232024_022528,1,1,FALSE
N1933973_3_S13,ISG4_06232024_022528,1,1,FALSE
N2026538_S210,ISG4_06232024_022528,3,2,FALSE
N2027032_2_S222,ISG4_06232024_022528,3,2,FALSE
N1933443_1_S123,ISG4_06232024_022528,4,2,FALSE
N1933979_5_S51,ISG4_06232024_022528,1,1,FALSE
N2026897_8_S273,ISG4_06232024_022528,3,2,FALSE
N1933465_3_S49,ISG4_06232024_022528,1,1,FALSE
N2026555_7_S269,ISG4_06232024_022528,3,2,FALSE
N1933987_S63,ISG4_06232024_022528,1,1,FALSE
N1933464_6_S50,ISG4_06232024_022528,1,1,FALSE
N1933736_4_S12,ISG4_06232024_022528,1,1,FALSE
N2026646_2_S216,ISG4_06232024_022528,3,2,FALSE
N2026531_1_S197,ISG4_06232024_022528,3,2,FALSE
N1934107_1_S30,ISG4_06232024_022528,1,1,FALSE
N1933451_6_S59,ISG4_06232024_022528,1,1,FALSE
N2026714_8_S243,ISG4_06232024_022528,3,2,FALSE
N1933646_6_S48,ISG4_06232024_022528,1,1,FALSE
N1933587_2_S43,ISG4_06232024_022528,1,1,FALSE
N1934036_4_S4,ISG4_06232024_022528,1,1,FALSE
N1933999_3_S121,ISG4_06232024_022528,4,2,FALSE
N1934141_5_S14,ISG4_06232024_022528,1,1,FALSE
N1817049_8_S44,ISG4_06232024_022528,1,1,FALSE
N2026598_4_S86,ISG4_06232024_022528,4,2,FALSE
N1934130_9_S45,ISG4_06232024_022528,1,1,FALSE
N2026601_1_S75,ISG4_06232024_022528,4,2,FALSE
N1933577_3_S54,ISG4_06232024_022528,1,1,FALSE
N1933643_5_S34,ISG4_06232024_022528,1,1,FALSE
N1934128_6_S38,ISG4_06232024_022528,1,1,FALSE
N2026835_S262,ISG4_06232024_022528,3,2,FALSE
N2027138_1_S238,ISG4_06232024_022528,3,2,FALSE
N2027150_3_S271,ISG4_06232024_022528,3,2,FALSE
N1933706_7_S41,ISG4_06232024_022528,1,1,FALSE
N2027065_S237,ISG4_06232024_022528,3,2,FALSE
N1933665_7_S15,ISG4_06232024_022528,1,1,FALSE
N1934143_9_S29,ISG4_06232024_022528,1,1,FALSE
N2026894_7_S250,ISG4_06232024_022528,3,2,FALSE
N2026696_7_S259,ISG4_06232024_022528,3,2,FALSE
N2026874_9_S280,ISG4_06232024_022528,3,2,FALSE
N1933672_5_S9,ISG4_06232024_022528,1,1,FALSE
N2026636_3_S246,ISG4_06232024_022528,3,2,FALSE
N2027023_S82,ISG4_06232024_022528,4,2,FALSE
N2026947_S270,ISG4_06232024_022528,3,2,FALSE
N2027088_9_S261,ISG4_06232024_022528,3,2,FALSE
N2027489_4_S232,ISG4_06232024_022528,3,2,FALSE
N2027384_2_S188,ISG4_06232024_022528,3,2,FALSE
N2027385_9_S202,ISG4_06232024_022528,3,2,FALSE
NSPR_EL_103_1_S143,ISG4_06232024_022528,2,2,FALSE
NSPR_EL_149_1_S182,ISG4_06232024_022528,2,2,FALSE
NSPR_EL_085_1_S151,ISG4_06232024_022528,2,2,FALSE
NSPR_EL_168_1_S158,ISG4_06232024_022528,2,2,FALSE
N1933640_4_S21,ISG4_06232024_022528,1,1,FALSE
N2026594_6_S78,ISG4_06232024_022528,4,2,FALSE
N2026901_2_S85,ISG4_06232024_022528,4,2,FALSE
N1934009_8_S124,ISG4_06232024_022528,4,2,FALSE
NSPR_EL_247_1_S134,ISG4_06232024_022528,2,2,FALSE
N2026832_9_S278,ISG4_06232024_022528,3,2,FALSE
N2026533_5_S196,ISG4_06232024_022528,3,2,FALSE
N2026623_3_S244,ISG4_06232024_022528,3,2,FALSE
N2026742_1_S81,ISG4_06232024_022528,4,2,FALSE
N2026613_4_S69,ISG4_06232024_022528,4,2,FALSE
N2026909_8_S254,ISG4_06232024_022528,3,2,FALSE
NSPR_EL_141_1_S164,ISG4_06232024_022528,2,2,FALSE
N2026604_2_S87,ISG4_06232024_022528,4,2,FALSE
N2026933_3_S266,ISG4_06232024_022528,3,2,FALSE
NSPR_EL_209_1_S148,ISG4_06232024_022528,2,2,FALSE
N2026828_2_S251,ISG4_06232024_022528,3,2,FALSE
NNega2_S55,ISG4_06232024_022528,1,1,FALSE
NSPR_EL_110_1_S145,ISG4_06232024_022528,2,2,FALSE
NSPR_EL_102_1_S140,ISG4_06232024_022528,2,2,FALSE
NSPR_EL_072_1_S139,ISG4_06232024_022528,2,2,FALSE
N2026610_3_S70,ISG4_06232024_022528,4,2,FALSE
NNega1_S8,ISG4_06232024_022528,1,1,FALSE
NSPR_EL_204_1_S159,ISG4_06232024_022528,2,2,FALSE
NNegd1_S194,ISG4_06232024_022528,3,2,FALSE
NSPR_EL_167_1_S147,ISG4_06232024_022528,2,2,FALSE
NSPR_EL_223_1_S129,ISG4_06232024_022528,2,2,FALSE
N2027066_7_S236,ISG4_06232024_022528,3,2,FALSE
N2026630_1_S255,ISG4_06232024_022528,3,2,FALSE
N1934066_1_S22,ISG4_06232024_022528,1,1,FALSE
